username,full_name,followers,following,posts,bio
psykhe_memes_uce,Psykhe Memes UCE,"1,201",",",22,"1,201 Followers, 22 Following, 753 Posts - See Instagram photos and videos from Psykhe Memes UCE (@psykhe_memes_uce)"
santhimendez_ff,Santhi,111K,",",114,"111K Followers, 114 Following, 7,493 Posts - See Instagram photos and videos from Santhi (@santhimendez_ff)"
willy_ec_,Willy Ec,430K,",",111,"430K Followers, 111 Following, 484 Posts - See Instagram photos and videos from Willy Ec (@willy_ec_)"
username,full_name,followers,following,posts,bio
alex_anderrs,A L E X 🐺,545,",",378,"545 Followers, 378 Following, 299 Posts - See Instagram photos and videos from A L E X 🐺 (@alex_anderrs)"
psykhe_memes_uce,Psykhe Memes UCE,"1,201",",",22,"1,201 Followers, 22 Following, 753 Posts - See Instagram photos and videos from Psykhe Memes UCE (@psykhe_memes_uce)"
santhimendez_ff,Santhi,111K,",",114,"111K Followers, 114 Following, 7,493 Posts - See Instagram photos and videos from Santhi (@santhimendez_ff)"
username,full_name,followers,following,posts,bio
alex_anderrs,A L E X 🐺,545,",",378,"545 Followers, 378 Following, 299 Posts - See Instagram photos and videos from A L E X 🐺 (@alex_anderrs)"
username,full_name,followers,following,posts,bio
willy_ec_,Willy Ec,430K,",",112,"430K Followers, 112 Following, 484 Posts - See Instagram photos and videos from Willy Ec (@willy_ec_)"
username,full_name,followers,following,posts,bio
andres_.fernandez1012,Andrés Fernández,"1,062",",","3,705","1,062 Followers, 3,705 Following, 52 Posts - See Instagram photos and videos from Andrés Fernández (@andres_.fernandez1012)"
username,full_name,followers,following,posts,bio
bts.bighitofficial,BTS official,81M,13 ,49 ,"81M Followers, 13 Following, 49 Posts - See Instagram photos and videos from BTS official (@bts.bighitofficial)"
